,Division,File Name
0,Azad Kashmir,Azad_Kashmir.csv
1,Kalat,Kalat.csv
2,Makran,Makran.csv
3,Nasirabad,Nasirabad.csv
4,Quetta,Quetta.csv
5,Sibi,Sibi.csv
6,Zhob,Zhob.csv
7,F.A.T.A.,FATA.csv
8,Bannu,Bannu.csv
9,Dera Ismail Khan,Dera_Ismail_Khan.csv
10,Hazara,Hazara.csv
11,Kohat,Kohat.csv
12,Malakand,Malakand.csv
13,Mardan,Mardan.csv
14,Peshawar,Peshawar.csv
15,Northern Areas,Northern_Areas.csv
16,Bahawalpur,Bahawalpur.csv
17,Dera Ghazi Khan,Dera_Ghazi_Khan.csv
18,Faisalabad,Faisalabad.csv
19,Gujranwala,Gujranwala.csv
20,Lahore,Lahore.csv
21,Multan,Multan.csv
22,Rawalpindi,Rawalpindi.csv
23,Sargodha,Sargodha.csv
24,Hyderabad,Hyderabad.csv
25,Karachi,Karachi.csv
26,Larkana,Larkana.csv
27,Mirpur Khas,Mirpur_Khas.csv
28,Sukkur,Sukkur.csv
29,Kashmir,Kashmir.csv
